{"cameraMode":{"drawMode":0,"name":"Shaded","section":"Shading Mode"},"sceneLighting":true,"audioPlay":false,"sceneViewState":{"m_AlwaysRefresh":false,"showFog":true,"showSkybox":true,"showFlares":true,"showImageEffects":true,"showParticleSystems":true,"showVisualEffectGraphs":true,"m_FxEnabled":true},"in2DMode":false,"pivot":{"x":5.673366069793701,"y":2.390246868133545,"z":-11.507190704345704},"rotation":{"x":0.05528327822685242,"y":-0.15969261527061463,"z":0.008957557380199433,"w":0.9855765104293823},"size":232.19741821289063,"orthographic":true}