{"cameraMode":{"drawMode":0,"name":"Shaded","section":"Shading Mode"},"sceneLighting":true,"audioPlay":false,"sceneViewState":{"m_AlwaysRefresh":false,"showFog":true,"showSkybox":true,"showFlares":true,"showImageEffects":true,"showParticleSystems":true,"showVisualEffectGraphs":true,"m_FxEnabled":true},"in2DMode":false,"pivot":{"x":237.2676239013672,"y":181.54647827148438,"z":-75.8577880859375},"rotation":{"x":0.07882651686668396,"y":-0.0024930862709879877,"z":0.00019718545081559569,"w":0.9968856573104858},"size":95.42994689941406,"orthographic":false}