{"cameraMode":{"drawMode":0,"name":"Shaded","section":"Shading Mode"},"sceneLighting":true,"audioPlay":false,"sceneViewState":{"m_AlwaysRefresh":false,"showFog":true,"showSkybox":true,"showFlares":true,"showImageEffects":true,"showParticleSystems":true,"showVisualEffectGraphs":true,"m_FxEnabled":true},"in2DMode":false,"pivot":{"x":0.9632235765457153,"y":0.9492010474205017,"z":-7.382184028625488},"rotation":{"x":-0.24358981847763062,"y":0.042752332985401157,"z":-0.010748576372861863,"w":-0.9688761830329895},"size":0.8660253882408142,"orthographic":false}