{"cameraMode":{"drawMode":0,"name":"Shaded","section":"Shading Mode"},"sceneLighting":true,"audioPlay":false,"sceneViewState":{"m_AlwaysRefresh":false,"showFog":true,"showSkybox":true,"showFlares":true,"showImageEffects":true,"showParticleSystems":true,"showVisualEffectGraphs":true,"m_FxEnabled":true},"in2DMode":false,"pivot":{"x":101.61454010009766,"y":119.98352813720703,"z":2.6278228759765627},"rotation":{"x":0.009806853719055653,"y":-0.053083159029483798,"z":0.0005213234690017998,"w":0.998540997505188},"size":111.16301727294922,"orthographic":true}