{"cameraMode":{"drawMode":0,"name":"Shaded","section":"Shading Mode"},"sceneLighting":true,"audioPlay":false,"sceneViewState":{"m_AlwaysRefresh":false,"showFog":true,"showSkybox":true,"showFlares":true,"showImageEffects":true,"showParticleSystems":true,"showVisualEffectGraphs":true,"m_FxEnabled":true},"in2DMode":false,"pivot":{"x":6.821361541748047,"y":3.465315341949463,"z":-0.7113159894943237},"rotation":{"x":0.035779111087322238,"y":-0.002751412568613887,"z":0.00009905861952574924,"w":0.999356210231781},"size":5.189914703369141,"orthographic":true}